{
  "version": 1,
  "author": "Wallace Santana",
  "editor": "wokwi",
  "parts": [
    { "type": "wokwi-esp32-devkit-v1", "id": "esp", "top": 0, "left": 0, "attrs": {} },
    { "type": "wokwi-hc-sr04", "id": "ultrasonic1", "top": -5.43, "left": 126.36, "attrs": {} },
    {
      "type": "wokwi-led",
      "id": "led1",
      "top": -8.93,
      "left": -72.87,
      "attrs": { "color": "green" }
    },
    {
      "type": "wokwi-resistor",
      "id": "r1",
      "top": 65.65,
      "left": -56.56,
      "rotate": 90,
      "attrs": { "value": "1000" }
    }
  ],
  "connections": [
    [ "esp:TX0", "$serialMonitor:RX", "", [] ],
    [ "esp:RX0", "$serialMonitor:TX", "", [] ],
    [ "ultrasonic1:GND", "esp:GND.1", "black", [ "v0" ] ],
    [ "ultrasonic1:VCC", "esp:3V3", "red", [ "v0" ] ],
    [ "ultrasonic1:TRIG", "esp:D4", "white", [ "v0" ] ],
    [ "ultrasonic1:ECHO", "esp:D18", "blue", [ "v20.06", "h-99.06", "v-26.34" ] ],
    [ "led1:C", "esp:GND.2", "black", [ "v0" ] ],
    [ "led1:A", "r1:1", "green", [ "v0" ] ],
    [ "r1:2", "esp:D13", "green", [ "h0.42", "v34.34" ] ]
  ],
  "dependencies": {}
}